id,sequence,substitutions,scaffold,mean_hydrophobicity,net_charge,helix_propensity,entropy,is_biased,length,max_hydro_window,net_charge_calc,n_cysteines,min_entropy,max_aggregation,mean_helix_prop,mol_weight_kda,pass_hydrophobicity,pass_charge,pass_cysteines,pass_low_complexity,pass_aggregation,pass_helix_propensity,pass_molecular_weight,passes_filter,plddt_mean,plddt_mean_std,plddt_high_conf,plddt_high_conf_std,interface_plddt,interface_plddt_std,n_contacts,n_contacts_std,mean_min_dist_A,mean_min_dist_A_std,bsa_proxy_A2,bsa_proxy_A2_std,hbond_estimate,hbond_estimate_std,shape_comp_proxy,shape_comp_proxy_std
ABIO-0003,VDNKFNKEFDRALNEWLMLPNLNYNLRNAFIYSLKDDPSQSANLLAEAKKLNDA,"{""8"": ""F"", ""9"": ""D"", ""10"": ""R"", ""12"": ""L"", ""13"": ""N"", ""15"": ""W"", ""17"": ""M"", ""23"": ""Y"", ""24"": ""N"", ""25"": ""L"", ""26"": ""R"", ""27"": ""N"", ""31"": ""Y""}",VDNKFNKEQQNAFYEILHLPNLNEEQRNAFIQSLKDDPSQSANLLAEAKKLNDA,-0.6777777777777777,-1.0,0.8038888888888883,3.6057695672439776,True,54,1.8,-1.0,0,2.251629167387823,1.0560000000000003,0.8038888888888883,6.2868400000000015,True,True,True,True,True,True,True,True,73.42440627549324,3.5061962731985408,79.01935798350208,6.097549413782279,68.7065283008752,5.715524100879466,10.333333333333334,1.8856180831641267,3.795544074503814,0.2622116034864315,216.08770466334317,54.511778942097045,2.9660917288245288,0.6726318928423933,0.5166666666666667,0.09428090415820634
ABIO-0008,VDNKFNKERQKAFEEYLMLPNLNWSARQAFIQSLKDDPSQSANLLAEAKKLNDA,"{""8"": ""R"", ""9"": ""Q"", ""10"": ""K"", ""12"": ""F"", ""13"": ""E"", ""15"": ""Y"", ""17"": ""M"", ""23"": ""W"", ""24"": ""S"", ""25"": ""A"", ""26"": ""R"", ""27"": ""Q"", ""31"": ""Q""}",VDNKFNKEQQNAFYEILHLPNLNEEQRNAFIQSLKDDPSQSANLLAEAKKLNDA,-0.8481481481481482,0.0,0.8183333333333329,3.697898494392658,True,54,1.54,0.0,0,2.4591479170272446,0.75,0.8183333333333329,6.239940000000001,True,True,True,True,True,True,True,True,76.53105772503656,4.908217493771339,80.7753901943327,5.946502898456388,72.63272041587031,3.6114022985567975,14.0,2.160246899469287,4.211491588329982,0.5500637475708479,348.7126321095984,32.67690813381384,3.518323086660024,0.7384268291194723,0.7000000000000001,0.10801234497346433
ABIO-0010,VDNKFNKESNHATIEYLMLPNLNANAVRAFIYSLKDDPSQSANLLAEAKKLNDA,"{""8"": ""S"", ""9"": ""N"", ""10"": ""H"", ""12"": ""T"", ""13"": ""I"", ""15"": ""Y"", ""17"": ""M"", ""23"": ""A"", ""24"": ""N"", ""25"": ""A"", ""26"": ""V"", ""27"": ""R"", ""31"": ""Y""}",VDNKFNKEQQNAFYEILHLPNLNEEQRNAFIQSLKDDPSQSANLLAEAKKLNDA,-0.49999999999999994,-0.8999999999999999,0.8059259259259255,3.7175539386263674,True,54,1.8,-0.8999999999999999,0,2.4591479170272446,1.0560000000000003,0.8059259259259255,6.021540000000001,True,True,True,True,True,True,True,True,76.85096742401463,3.009190701603899,80.7984820287686,2.4732784534007206,70.54301006055267,7.867523634650384,15.0,2.160246899469287,4.586775258890686,0.6724812560574062,399.47452921989185,52.60561535103335,4.372255293436466,1.0960877702373095,0.75,0.10801234497346433
ABIO-0014,VDNKFNKEFTLALNEYLILPNLNDNLLQAFIWSLKDDPSQSANLLAEAKKLNDA,"{""8"": ""F"", ""9"": ""T"", ""10"": ""L"", ""12"": ""L"", ""13"": ""N"", ""15"": ""Y"", ""17"": ""I"", ""23"": ""D"", ""24"": ""N"", ""25"": ""L"", ""26"": ""L"", ""27"": ""Q"", ""31"": ""W""}",VDNKFNKEQQNAFYEILHLPNLNEEQRNAFIQSLKDDPSQSANLLAEAKKLNDA,-0.31111111111111117,-3.0,0.8120370370370367,3.5132677565208534,True,54,2.3,-3.0,0,2.221251836004466,1.1620000000000004,0.8120370370370367,6.134840000000002,True,True,True,True,True,True,True,True,79.1351964336327,5.17007185069527,81.37014153249132,8.383326433887534,77.327375512674,4.718323761961677,14.666666666666666,2.0548046676563256,4.511566154477689,0.5293370747949749,353.5131215149886,34.11731804631569,3.801892985223167,1.5606290740317994,0.7333333333333334,0.10274023338281628
ABIO-0017,VDNKFNKEIYHAVEENLVLPNLNYQTIHAFIYSLKDDPSQSANLLAEAKKLNDA,"{""8"": ""I"", ""9"": ""Y"", ""10"": ""H"", ""12"": ""V"", ""13"": ""E"", ""15"": ""N"", ""17"": ""V"", ""23"": ""Y"", ""24"": ""Q"", ""25"": ""T"", ""26"": ""I"", ""27"": ""H"", ""31"": ""Y""}",VDNKFNKEQQNAFYEILHLPNLNEEQRNAFIQSLKDDPSQSANLLAEAKKLNDA,-0.4907407407407407,-2.8,0.8037037037037033,3.7281850133445045,True,54,2.0799999999999996,-2.8,0,2.4591479170272446,1.0560000000000003,0.8037037037037033,6.160740000000001,True,True,True,True,True,True,True,True,74.61614348123267,1.9321001081485527,78.80753655989197,1.7562630514326656,67.79675623650111,2.774830609906329,16.0,2.160246899469287,4.147348556887539,0.5188369325515669,396.56387661581954,57.46443802753866,4.986513238506903,0.3882376604146557,0.7999999999999999,0.10801234497346433
ABIO-0018,VDNKFNKEMNRAFLETLVLPNLNDWFKNAFIWSLKDDPSQSANLLAEAKKLNDA,"{""8"": ""M"", ""9"": ""N"", ""10"": ""R"", ""12"": ""F"", ""13"": ""L"", ""15"": ""T"", ""17"": ""V"", ""23"": ""D"", ""24"": ""W"", ""25"": ""F"", ""26"": ""K"", ""27"": ""N"", ""31"": ""W""}",VDNKFNKEQQNAFYEILHLPNLNEEQRNAFIQSLKDDPSQSANLLAEAKKLNDA,-0.5240740740740739,-1.0,0.8072222222222217,3.6412029561001797,True,54,1.9,-1.0,0,2.4591479170272446,1.1620000000000004,0.8072222222222217,6.238740000000002,True,True,True,True,True,True,True,True,76.04918837243989,7.141201246326482,80.3422351034103,6.7848400066670935,73.18879681532735,5.224680053420008,14.666666666666666,1.699673171197595,5.014975055268001,0.7047766132202221,360.61779127270694,54.225332063672425,4.823635275221099,0.46239964821288787,0.7333333333333334,0.08498365855987973
ABIO-0021,VDNKFNKEYQKAFNEWLMLPNLNYQARHAFIWSLKDDPSQSANLLAEAKKLNDA,"{""8"": ""Y"", ""9"": ""Q"", ""10"": ""K"", ""12"": ""F"", ""13"": ""N"", ""15"": ""W"", ""17"": ""M"", ""23"": ""Y"", ""24"": ""Q"", ""25"": ""A"", ""26"": ""R"", ""27"": ""H"", ""31"": ""W""}",VDNKFNKEQQNAFYEILHLPNLNEEQRNAFIQSLKDDPSQSANLLAEAKKLNDA,-0.7851851851851853,0.10000000000000009,0.811296296296296,3.7644471618636453,True,54,1.8799999999999997,0.10000000000000009,0,2.4591479170272446,1.1620000000000004,0.811296296296296,6.340040000000001,True,True,True,True,True,True,True,True,79.83015768330908,1.502683109967772,83.61975894141811,1.6091394687035696,77.78282752514008,1.2020779250822022,17.333333333333332,0.9428090415820634,4.588665554569057,0.7309043434381012,425.421338922293,25.9003302286765,5.166886787583887,0.8451631027398592,0.8666666666666667,0.04714045207910316
ABIO-0022,VDNKFNKEYDHAFKEFLMLPNLNLMNKNAFIYSLKDDPSQSANLLAEAKKLNDA,"{""8"": ""Y"", ""9"": ""D"", ""10"": ""H"", ""12"": ""F"", ""13"": ""K"", ""15"": ""F"", ""17"": ""M"", ""23"": ""L"", ""24"": ""M"", ""25"": ""N"", ""26"": ""K"", ""27"": ""N"", ""31"": ""Y""}",VDNKFNKEQQNAFYEILHLPNLNEEQRNAFIQSLKDDPSQSANLLAEAKKLNDA,-0.6166666666666664,-0.8999999999999999,0.8085185185185181,3.564504632950619,True,54,2.14,-0.8999999999999999,0,2.084962500721156,1.0560000000000003,0.8085185185185181,6.23294,True,True,True,True,True,True,True,True,77.64947585077842,3.467363412994104,80.14072545611303,2.649023466468816,74.28368417280846,5.464987503783444,19.0,2.160246899469287,4.502981775691116,0.36734792991753634,459.99767068479895,58.29159957479513,5.135241797544757,0.6370124976699361,0.9166666666666666,0.062360956446232366
ABIO-0025,VDNKFNKEIDRAVEEWLILPNLNVSYRRAFIDSLKDDPSQSANLLAEAKKLNDA,"{""8"": ""I"", ""9"": ""D"", ""10"": ""R"", ""12"": ""V"", ""13"": ""E"", ""15"": ""W"", ""17"": ""I"", ""23"": ""V"", ""24"": ""S"", ""25"": ""Y"", ""26"": ""R"", ""27"": ""R"", ""31"": ""D""}",VDNKFNKEQQNAFYEILHLPNLNEEQRNAFIQSLKDDPSQSANLLAEAKKLNDA,-0.5925925925925924,-2.0,0.805555555555555,3.6797928271947415,True,54,1.92,-2.0,0,2.4591479170272446,0.978,0.805555555555555,6.188640000000001,True,True,True,True,True,True,True,True,78.37076244799067,3.4722885519097515,81.46712332624747,3.656079942566162,74.01626111003971,1.3326454227032765,18.0,2.160246899469287,4.424635711896804,0.22118102212764032,475.8881654596268,56.54302516400282,4.911182475120037,0.8897789949027054,0.8833333333333333,0.08498365855987973
ABIO-0026,VDNKFNKEWETAVREYLILPNLNNHYSDAFIYSLKDDPSQSANLLAEAKKLNDA,"{""8"": ""W"", ""9"": ""E"", ""10"": ""T"", ""12"": ""V"", ""13"": ""R"", ""15"": ""Y"", ""17"": ""I"", ""23"": ""N"", ""24"": ""H"", ""25"": ""Y"", ""26"": ""S"", ""27"": ""D"", ""31"": ""Y""}",VDNKFNKEQQNAFYEILHLPNLNEEQRNAFIQSLKDDPSQSANLLAEAKKLNDA,-0.7074074074074075,-2.9,0.7996296296296291,3.777352088012164,True,54,1.8400000000000003,-2.9,0,2.4591479170272446,1.0560000000000003,0.7996296296296291,6.227640000000001,True,True,True,True,True,True,True,True,72.75409401578759,7.215619400125638,77.5088544740831,8.00704714311532,67.99433387849541,7.197604459656039,15.0,1.4142135623730951,4.273872760767007,0.3257966894533875,400.5641647627899,31.0038081793987,4.975001712787827,0.5864420932305907,0.75,0.07071067811865477
ABIO-0028,VDNKFNKELTHAWDEYLILPNLNDQVKNAFINSLKDDPSQSANLLAEAKKLNDA,"{""8"": ""L"", ""9"": ""T"", ""10"": ""H"", ""12"": ""W"", ""13"": ""D"", ""15"": ""Y"", ""17"": ""I"", ""23"": ""D"", ""24"": ""Q"", ""25"": ""V"", ""26"": ""K"", ""27"": ""N"", ""31"": ""N""}",VDNKFNKEQQNAFYEILHLPNLNEEQRNAFIQSLKDDPSQSANLLAEAKKLNDA,-0.6925925925925926,-2.9,0.8020370370370365,3.6430523166577706,True,54,1.8400000000000003,-2.9,0,2.4591479170272446,0.8720000000000001,0.8020370370370365,6.127640000000001,True,True,True,True,True,True,True,True,73.63005766092586,3.136134461309735,76.4559197805587,2.32935033432769,70.1052484030253,2.703845862955957,15.666666666666666,0.4714045207910317,3.9199810666271033,0.7937453747663965,415.50689192281044,26.540833386894,4.88396925313548,0.7004889872041454,0.7833333333333333,0.023570226039551608
ABIO-0029,VDNKFNKEINHAQAEYLMLPNLNLSRKDAFIWSLKDDPSQSANLLAEAKKLNDA,"{""8"": ""I"", ""9"": ""N"", ""10"": ""H"", ""12"": ""Q"", ""13"": ""A"", ""15"": ""Y"", ""17"": ""M"", ""23"": ""L"", ""24"": ""S"", ""25"": ""R"", ""26"": ""K"", ""27"": ""D"", ""31"": ""W""}",VDNKFNKEQQNAFYEILHLPNLNEEQRNAFIQSLKDDPSQSANLLAEAKKLNDA,-0.6574074074074071,-0.8999999999999999,0.8116666666666662,3.696049133835068,True,54,1.8799999999999997,-0.8999999999999999,0,2.4591479170272446,1.1620000000000004,0.8116666666666662,6.143840000000002,True,True,True,True,True,True,True,True,75.61238449743934,5.450778687968954,78.68774463493962,5.695397985158437,69.75223089047803,6.7933027498768785,15.333333333333334,3.0912061651652345,3.7399971470505347,0.09548491355744011,378.41492904481805,62.150096461105214,4.908752153836759,1.040593683627312,0.7666666666666666,0.15456030825826172
ABIO-0030,VDNKFNKEIERAREEHLLLPNLNENFKVAFIWSLKDDPSQSANLLAEAKKLNDA,"{""8"": ""I"", ""9"": ""E"", ""10"": ""R"", ""12"": ""R"", ""13"": ""E"", ""15"": ""H"", ""17"": ""L"", ""23"": ""E"", ""24"": ""N"", ""25"": ""F"", ""26"": ""K"", ""27"": ""V"", ""31"": ""W""}",VDNKFNKEQQNAFYEILHLPNLNEEQRNAFIQSLKDDPSQSANLLAEAKKLNDA,-0.7055555555555556,-1.9,0.8201851851851847,3.612469271205858,True,54,2.48,-1.9,0,2.1258145836939115,1.254,0.8201851851851847,6.237740000000001,True,True,True,True,True,True,True,True,74.91065875357339,3.180703758763196,75.72566828340858,3.1222730618195995,71.58054995359947,3.4591091581715294,16.0,2.160246899469287,3.4147341986679116,0.2965351531334154,400.5941676999587,70.00710041171948,4.717718585824067,0.6585444383588644,0.7999999999999999,0.10801234497346433
ABIO-0032,VDNKFNKEYQHAFHEWLLLPNLNQSRKDAFIDSLKDDPSQSANLLAEAKKLNDA,"{""8"": ""Y"", ""9"": ""Q"", ""10"": ""H"", ""12"": ""F"", ""13"": ""H"", ""15"": ""W"", ""17"": ""L"", ""23"": ""Q"", ""24"": ""S"", ""25"": ""R"", ""26"": ""K"", ""27"": ""D"", ""31"": ""D""}",VDNKFNKEQQNAFYEILHLPNLNEEQRNAFIQSLKDDPSQSANLLAEAKKLNDA,-0.8814814814814815,-1.7999999999999998,0.8079629629629627,3.675188196167207,True,54,1.78,-1.7999999999999998,0,2.4591479170272446,0.882,0.8079629629629627,6.241940000000002,True,True,True,True,True,True,True,True,76.3074037642591,2.3391412868799044,79.91245625919281,2.7756907339853476,70.68297068929822,2.7697638517440866,19.666666666666668,2.0548046676563256,4.386112273072189,0.35142669330868676,481.0220571049097,46.67881742779093,5.484438141941422,1.1883014972100316,0.9500000000000001,0.07071067811865477
ABIO-0033,VDNKFNKEILRAFEEWLILPNLNKQFRAAFIWSLKDDPSQSANLLAEAKKLNDA,"{""8"": ""I"", ""9"": ""L"", ""10"": ""R"", ""12"": ""F"", ""13"": ""E"", ""15"": ""W"", ""17"": ""I"", ""23"": ""K"", ""24"": ""Q"", ""25"": ""F"", ""26"": ""R"", ""27"": ""A"", ""31"": ""W""}",VDNKFNKEQQNAFYEILHLPNLNEEQRNAFIQSLKDDPSQSANLLAEAKKLNDA,-0.4425925925925924,0.0,0.82037037037037,3.603391030545246,True,54,2.0,0.0,0,2.4591479170272446,1.1620000000000004,0.82037037037037,6.275040000000001,True,True,True,True,True,True,True,True,77.0071976653404,1.1940167236390729,79.80973552497652,2.3831338618937083,73.58927750570382,3.4257939672692537,15.333333333333334,3.39934634239519,4.414426934021866,0.8841371105768375,366.0425743943136,82.74571648444217,4.228235156662995,1.2475244857973227,0.7666666666666666,0.16996731711975951
ABIO-0034,VDNKFNKEWDKAFWETLELPNLNDSLRQAFIYSLKDDPSQSANLLAEAKKLNDA,"{""8"": ""W"", ""9"": ""D"", ""10"": ""K"", ""12"": ""F"", ""13"": ""W"", ""15"": ""T"", ""17"": ""E"", ""23"": ""D"", ""24"": ""S"", ""25"": ""L"", ""26"": ""R"", ""27"": ""Q"", ""31"": ""Y""}",VDNKFNKEQQNAFYEILHLPNLNEEQRNAFIQSLKDDPSQSANLLAEAKKLNDA,-0.7925925925925925,-3.0,0.8096296296296293,3.6661099555065952,True,54,1.8,-3.0,0,2.4591479170272446,1.0560000000000003,0.8096296296296293,6.255740000000001,True,True,True,True,True,True,True,True,77.28548491790984,10.28032613977843,80.4263537111192,7.997747333959902,75.62186123187875,11.780887942974962,16.0,2.160246899469287,4.293261000518057,0.7052256375557003,388.9350012870148,55.323569189266294,4.748408318733923,0.5869047297447197,0.7999999999999999,0.10801234497346433
ABIO-0036,VDNKFNKESQKALEEFLKLPNLNDNLHDAFIWSLKDDPSQSANLLAEAKKLNDA,"{""8"": ""S"", ""9"": ""Q"", ""10"": ""K"", ""12"": ""L"", ""13"": ""E"", ""15"": ""F"", ""17"": ""K"", ""23"": ""D"", ""24"": ""N"", ""25"": ""L"", ""26"": ""H"", ""27"": ""D"", ""31"": ""W""}",VDNKFNKEQQNAFYEILHLPNLNEEQRNAFIQSLKDDPSQSANLLAEAKKLNDA,-0.7814814814814816,-2.9,0.8142592592592587,3.4658739571152357,True,54,1.8799999999999997,-2.9,0,2.355388542207534,1.1620000000000004,0.8142592592592587,6.141740000000001,True,True,True,True,True,True,True,True,78.16494354293268,4.476734435279524,81.59460968485583,5.014731769946589,70.16732740465825,5.903066754289483,15.666666666666666,5.312459150169743,4.63362527939105,0.6896345752555221,353.87586671922486,150.15809244082072,4.082819926745327,1.9074194812675114,0.75,0.2273030282830976
ABIO-0038,VDNKFNKEAERAVVENLSLPNLNEQFKNAFIDSLKDDPSQSANLLAEAKKLNDA,"{""8"": ""A"", ""9"": ""E"", ""10"": ""R"", ""12"": ""V"", ""13"": ""V"", ""15"": ""N"", ""17"": ""S"", ""23"": ""E"", ""24"": ""Q"", ""25"": ""F"", ""26"": ""K"", ""27"": ""N"", ""31"": ""D""}",VDNKFNKEQQNAFYEILHLPNLNEEQRNAFIQSLKDDPSQSANLLAEAKKLNDA,-0.7333333333333334,-3.0,0.8131481481481477,3.467076393527655,True,54,1.54,-3.0,0,2.4591479170272446,0.7220000000000001,0.8131481481481477,6.017340000000002,True,True,True,True,True,True,True,True,77.80116527273182,3.923912485364847,81.8416517564041,2.73695515010972,74.28111833416308,4.741779718624441,15.666666666666666,1.699673171197595,3.461456007441626,0.4420870817757527,407.13679749372096,47.39991235425241,4.894101838335944,0.39848425556957945,0.7833333333333333,0.08498365855987977
ABIO-0041,VDNKFNKEYEQAVNEWLVLPNLNDAFHQAFIRSLKDDPSQSANLLAEAKKLNDA,"{""8"": ""Y"", ""9"": ""E"", ""10"": ""Q"", ""12"": ""V"", ""13"": ""N"", ""15"": ""W"", ""17"": ""V"", ""23"": ""D"", ""24"": ""A"", ""25"": ""F"", ""26"": ""H"", ""27"": ""Q"", ""31"": ""R""}",VDNKFNKEQQNAFYEILHLPNLNEEQRNAFIQSLKDDPSQSANLLAEAKKLNDA,-0.6814814814814815,-2.9,0.8120370370370366,3.6957526073350024,True,54,1.8599999999999999,-2.9,0,2.4591479170272446,0.892,0.8120370370370366,6.173640000000002,True,True,True,True,True,True,True,True,79.47827096704667,4.479263783886361,82.32340939607504,7.032591148504405,74.34384068080426,8.37644135300552,15.666666666666666,1.699673171197595,3.9501940059774117,0.20425207351550714,388.4774792203527,54.2708864056219,5.377032845355976,1.0118739723122065,0.7833333333333332,0.08498365855987977
ABIO-0042,VDNKFNKEHQRAFMEWLILPNLNQWFAHAFIWSLKDDPSQSANLLAEAKKLNDA,"{""8"": ""H"", ""9"": ""Q"", ""10"": ""R"", ""12"": ""F"", ""13"": ""M"", ""15"": ""W"", ""17"": ""I"", ""23"": ""Q"", ""24"": ""W"", ""25"": ""F"", ""26"": ""A"", ""27"": ""H"", ""31"": ""W""}",VDNKFNKEQQNAFYEILHLPNLNEEQRNAFIQSLKDDPSQSANLLAEAKKLNDA,-0.5407407407407406,-0.7999999999999998,0.8157407407407403,3.7652220503815412,True,54,1.92,-0.7999999999999998,0,2.4591479170272446,1.1620000000000004,0.8157407407407403,6.355140000000001,True,True,True,True,True,True,True,True,80.03496046309397,2.7357466192746456,82.55888231498395,2.8965930112701477,76.23036021145073,1.3719527561392177,17.666666666666668,1.699673171197595,4.710126440097608,0.18133106935456117,433.6819127347148,27.44217303371614,5.351645241737013,1.0601441418114042,0.8833333333333333,0.08498365855987973
ABIO-0043,VDNKFNKEYFRAFNEWLILPNLNNSMHYAFIWSLKDDPSQSANLLAEAKKLNDA,"{""8"": ""Y"", ""9"": ""F"", ""10"": ""R"", ""12"": ""F"", ""13"": ""N"", ""15"": ""W"", ""17"": ""I"", ""23"": ""N"", ""24"": ""S"", ""25"": ""M"", ""26"": ""H"", ""27"": ""Y"", ""31"": ""W""}",VDNKFNKEQQNAFYEILHLPNLNEEQRNAFIQSLKDDPSQSANLLAEAKKLNDA,-0.561111111111111,-0.8999999999999999,0.8001851851851847,3.7636692163240166,True,54,1.92,-0.8999999999999999,0,2.4591479170272446,1.2280000000000002,0.8001851851851847,6.345940000000001,True,True,True,True,True,True,True,True,77.10085487236347,3.082632007468463,78.92186833984495,2.301852713781554,74.53555540272042,1.4422555169544564,17.333333333333332,1.247219128924647,3.671155551458354,0.0947656991295477,441.3367375621223,52.78878075029766,4.616186545476931,0.6875931304622722,0.8666666666666667,0.062360956446232324
ABIO-0045,VDNKFNKEWWHAVIESLLLPNLNLNYRDAFIYSLKDDPSQSANLLAEAKKLNDA,"{""8"": ""W"", ""9"": ""W"", ""10"": ""H"", ""12"": ""V"", ""13"": ""I"", ""15"": ""S"", ""17"": ""L"", ""23"": ""L"", ""24"": ""N"", ""25"": ""Y"", ""26"": ""R"", ""27"": ""D"", ""31"": ""Y""}",VDNKFNKEQQNAFYEILHLPNLNEEQRNAFIQSLKDDPSQSANLLAEAKKLNDA,-0.4814814814814813,-1.9,0.8059259259259255,3.6870217072977645,True,54,1.8,-1.9,0,2.221251836004466,1.0560000000000003,0.8059259259259255,6.246840000000002,True,True,True,True,True,True,True,True,77.00822055412875,2.9654901327326213,80.48805797089989,4.200809737965361,71.79432048151403,5.745902025095292,18.333333333333332,0.9428090415820634,4.037568403641522,0.6676379531146696,434.1446486613827,8.338793026468714,6.149334700673247,0.8171553875251034,0.9166666666666666,0.04714045207910316
ABIO-0047,VDNKFNKEAVFARFEWLNLPNLNHQYFDAFIWSLKDDPSQSANLLAEAKKLNDA,"{""8"": ""A"", ""9"": ""V"", ""10"": ""F"", ""12"": ""R"", ""13"": ""F"", ""15"": ""W"", ""17"": ""N"", ""23"": ""H"", ""24"": ""Q"", ""25"": ""Y"", ""26"": ""F"", ""27"": ""D"", ""31"": ""W""}",VDNKFNKEQQNAFYEILHLPNLNEEQRNAFIQSLKDDPSQSANLLAEAKKLNDA,-0.5425925925925925,-1.9,0.8075925925925921,3.6939032467774124,True,54,1.8799999999999997,-1.9,0,2.4591479170272446,1.1620000000000004,0.8075925925925921,6.297840000000002,True,True,True,True,True,True,True,True,80.58638586331074,7.050028846338846,84.29275896170151,8.421913420836187,75.93206997399048,8.99805616611809,15.666666666666666,1.247219128924647,4.510592766874884,0.06293892151951927,351.1360734987962,39.234353430315586,4.326065467155082,0.2939913440407118,0.7833333333333332,0.06236095644623237
ABIO-0055,VDNKFNKEWDHAINEWLKLPNLNDSSVNAFIMSLKDDPSQSANLLAEAKKLNDA,"{""8"": ""W"", ""9"": ""D"", ""10"": ""H"", ""12"": ""I"", ""13"": ""N"", ""15"": ""W"", ""17"": ""K"", ""23"": ""D"", ""24"": ""S"", ""25"": ""S"", ""26"": ""V"", ""27"": ""N"", ""31"": ""M""}",VDNKFNKEQQNAFYEILHLPNLNEEQRNAFIQSLKDDPSQSANLLAEAKKLNDA,-0.6722222222222222,-2.9,0.8003703703703698,3.5966405124600556,True,54,2.44,-2.9,0,2.4591479170272446,0.994,0.8003703703703698,6.113540000000001,True,True,True,True,True,True,True,True,77.76707721555967,3.103672572486014,79.91460655441851,2.623969204036493,74.61123914139543,1.3390107093771388,13.0,4.898979485566356,4.80979368072405,0.20975784997184993,318.000794246844,149.44763602057031,3.0144609880453057,1.5001960711864166,0.65,0.2449489742783178
ABIO-0058,VDNKFNKEYERAIVEYLMLPNLNENIWMAFINSLKDDPSQSANLLAEAKKLNDA,"{""8"": ""Y"", ""9"": ""E"", ""10"": ""R"", ""12"": ""I"", ""13"": ""V"", ""15"": ""Y"", ""17"": ""M"", ""23"": ""E"", ""24"": ""N"", ""25"": ""I"", ""26"": ""W"", ""27"": ""M"", ""31"": ""N""}",VDNKFNKEQQNAFYEILHLPNLNEEQRNAFIQSLKDDPSQSANLLAEAKKLNDA,-0.5074074074074073,-3.0,0.8111111111111106,3.719881661201789,True,54,2.02,-3.0,0,2.4591479170272446,1.166,0.8111111111111106,6.242740000000001,True,True,True,True,True,True,True,True,78.18195381524056,3.660338439767257,83.14633599428804,4.861306201380114,74.9839956738282,4.611869336588274,15.0,3.7416573867739413,4.0631041997008035,0.1042443177240036,350.6635287344814,91.62702846701966,4.085931017582104,1.2373331225687714,0.75,0.18708286933869706
ABIO-0061,VDNKFNKEWMRALEEYLWLPNLNDQLVNAFIYSLKDDPSQSANLLAEAKKLNDA,"{""8"": ""W"", ""9"": ""M"", ""10"": ""R"", ""12"": ""L"", ""13"": ""E"", ""15"": ""Y"", ""17"": ""W"", ""23"": ""D"", ""24"": ""Q"", ""25"": ""L"", ""26"": ""V"", ""27"": ""N"", ""31"": ""Y""}",VDNKFNKEQQNAFYEILHLPNLNEEQRNAFIQSLKDDPSQSANLLAEAKKLNDA,-0.5851851851851849,-3.0,0.8146296296296293,3.687021707297764,True,54,1.9600000000000002,-3.0,0,2.4591479170272446,1.0560000000000003,0.8146296296296293,6.297840000000002,True,True,True,True,True,True,True,True,83.52771306441714,1.0109517234807657,86.20684188330046,1.145452173954068,73.53100014734953,7.934049956240269,16.0,2.160246899469287,4.197655927170456,0.09145527205177886,418.4429593063967,54.2205740302998,5.064663511391565,1.2606789145927642,0.7999999999999999,0.10801234497346433
ABIO-0071,VDNKFNKELRHAVMEKLMLPNLNFRTRQAFIWSLKDDPSQSANLLAEAKKLNDA,"{""8"": ""L"", ""9"": ""R"", ""10"": ""H"", ""12"": ""V"", ""13"": ""M"", ""15"": ""K"", ""17"": ""M"", ""23"": ""F"", ""24"": ""R"", ""25"": ""T"", ""26"": ""R"", ""27"": ""Q"", ""31"": ""W""}",VDNKFNKEQQNAFYEILHLPNLNEEQRNAFIQSLKDDPSQSANLLAEAKKLNDA,-0.6203703703703703,2.0999999999999996,0.8166666666666662,3.800278705466531,True,54,1.8799999999999997,2.0999999999999996,0,2.4591479170272446,1.1620000000000004,0.8166666666666662,6.271040000000001,True,True,True,True,True,True,True,True,77.2168326287218,4.491735911295162,79.0084180678138,3.86561799592819,74.31100298654076,5.000863728104929,10.0,2.943920288775949,4.401222826469962,0.6603328799797406,221.6536900633056,64.39495013824977,2.954645647853423,0.48786631820045573,0.49999999999999994,0.14719601443879743
ABIO-0072,VDNKFNKEYNHAILEWLHLPNLNDSFHNAFIYSLKDDPSQSANLLAEAKKLNDA,"{""8"": ""Y"", ""9"": ""N"", ""10"": ""H"", ""12"": ""I"", ""13"": ""L"", ""15"": ""W"", ""17"": ""H"", ""23"": ""D"", ""24"": ""S"", ""25"": ""F"", ""26"": ""H"", ""27"": ""N"", ""31"": ""Y""}",VDNKFNKEQQNAFYEILHLPNLNEEQRNAFIQSLKDDPSQSANLLAEAKKLNDA,-0.6611111111111109,-2.7,0.7990740740740735,3.625374197354377,True,54,1.8,-2.7,0,2.4591479170272446,1.0560000000000003,0.7990740740740735,6.227840000000002,True,True,True,True,True,True,True,True,76.86093135332781,3.38365116605887,80.71575103390013,3.7508840952369,74.13849100694893,4.247896075515601,16.333333333333332,5.312459150169742,3.4340860543541196,0.31065847900388716,395.4540856228006,141.37855677730388,5.292213003080203,2.050626665281028,0.7666666666666666,0.20548046676563256
ABIO-0073,VDNKFNKELSRAHNESLVLPNLNMNFWDAFIYSLKDDPSQSANLLAEAKKLNDA,"{""8"": ""L"", ""9"": ""S"", ""10"": ""R"", ""12"": ""H"", ""13"": ""N"", ""15"": ""S"", ""17"": ""V"", ""23"": ""M"", ""24"": ""N"", ""25"": ""F"", ""26"": ""W"", ""27"": ""D"", ""31"": ""Y""}",VDNKFNKEQQNAFYEILHLPNLNEEQRNAFIQSLKDDPSQSANLLAEAKKLNDA,-0.5870370370370369,-1.9,0.8024074074074069,3.683619512682649,True,54,1.8800000000000001,-1.9,0,2.4591479170272446,1.0560000000000003,0.8024074074074069,6.150640000000001,True,True,True,True,True,True,True,True,76.73902652313713,1.7041848104223363,78.72576654269314,0.9019603047190159,74.62864643963455,1.507149841045872,18.333333333333332,0.4714045207910317,4.903714985909956,0.40342823525545196,447.115536341546,18.74444512219774,5.413188695096621,0.2427619096704218,0.9166666666666666,0.023570226039551553
ABIO-0081,VDNKFNKEWNRALNETLILPNLNEVDRRAFINSLKDDPSQSANLLAEAKKLNDA,"{""8"": ""W"", ""9"": ""N"", ""10"": ""R"", ""12"": ""L"", ""13"": ""N"", ""15"": ""T"", ""17"": ""I"", ""23"": ""E"", ""24"": ""V"", ""25"": ""D"", ""26"": ""R"", ""27"": ""R"", ""31"": ""N""}",VDNKFNKEQQNAFYEILHLPNLNEEQRNAFIQSLKDDPSQSANLLAEAKKLNDA,-0.7870370370370371,-1.0,0.8031481481481477,3.5925142434503523,True,54,1.9599999999999997,-1.0,0,2.355388542207534,0.7020000000000002,0.8031481481481477,6.1675400000000025,True,True,True,True,True,True,True,True,73.25169580692882,1.5333038934484495,74.5742730479012,1.3321366076922607,72.3829202631285,2.1469386936160317,13.0,2.160246899469287,4.479667569179257,0.3009170080059489,324.73925771625824,53.73364945793052,3.6789846213506494,0.553077639277855,0.65,0.10801234497346433
ABIO-0083,VDNKFNKESNIAYIEQLMLPNLNDSYRQAFIWSLKDDPSQSANLLAEAKKLNDA,"{""8"": ""S"", ""9"": ""N"", ""10"": ""I"", ""12"": ""Y"", ""13"": ""I"", ""15"": ""Q"", ""17"": ""M"", ""23"": ""D"", ""24"": ""S"", ""25"": ""Y"", ""26"": ""R"", ""27"": ""Q"", ""31"": ""W""}",VDNKFNKEQQNAFYEILHLPNLNEEQRNAFIQSLKDDPSQSANLLAEAKKLNDA,-0.6499999999999999,-2.0,0.8012962962962958,3.719585134701724,True,54,1.8799999999999997,-2.0,0,2.4591479170272446,1.1620000000000004,0.8012962962962958,6.185840000000002,True,True,True,True,True,True,True,True,79.39066494464821,1.61169953088012,85.29340328644165,3.4315003505180206,72.11106204697933,5.78286740734146,17.0,2.160246899469287,4.183247173573959,0.3550416198356976,420.93374497798936,54.736106001692875,6.055389053977875,1.3425872754636754,0.85,0.10801234497346433
ABIO-0085,VDNKFNKEWDHASNEWLMLPNLNENFKQAFIWSLKDDPSQSANLLAEAKKLNDA,"{""8"": ""W"", ""9"": ""D"", ""10"": ""H"", ""12"": ""S"", ""13"": ""N"", ""15"": ""W"", ""17"": ""M"", ""23"": ""E"", ""24"": ""N"", ""25"": ""F"", ""26"": ""K"", ""27"": ""Q"", ""31"": ""W""}",VDNKFNKEQQNAFYEILHLPNLNEEQRNAFIQSLKDDPSQSANLLAEAKKLNDA,-0.8481481481481482,-2.9,0.8077777777777774,3.610619910648268,True,54,1.8799999999999997,-2.9,0,2.355388542207534,1.1620000000000004,0.8077777777777774,6.289740000000002,True,True,True,True,True,True,True,True,76.90118037135787,2.063052263660451,79.23622601078172,1.6717273044756236,69.65084942419533,3.1914075064924736,15.333333333333334,4.109609335312651,4.177381208570679,0.15212844838869105,395.0325386878563,104.30639815998993,4.373904632772594,2.138115005568675,0.7666666666666666,0.20548046676563256
ABIO-0086,VDNKFNKEYQWALEEWLILPNLNHNFRLAFIWSLKDDPSQSANLLAEAKKLNDA,"{""8"": ""Y"", ""9"": ""Q"", ""10"": ""W"", ""12"": ""L"", ""13"": ""E"", ""15"": ""W"", ""17"": ""I"", ""23"": ""H"", ""24"": ""N"", ""25"": ""F"", ""26"": ""R"", ""27"": ""L"", ""31"": ""W""}",VDNKFNKEQQNAFYEILHLPNLNEEQRNAFIQSLKDDPSQSANLLAEAKKLNDA,-0.5499999999999997,-1.9,0.8146296296296291,3.6888710678553545,True,54,2.3999999999999995,-1.9,0,2.4591479170272446,1.2440000000000002,0.8146296296296291,6.3730400000000005,True,True,True,True,True,True,True,True,77.21461696042027,3.9090381804637597,79.87642186318358,1.9959062276133908,70.11337211613338,1.707154914169861,15.0,0.816496580927726,4.756118529241111,0.42379698900107565,384.6777710077904,16.23418297025789,4.317020372122858,0.17578629387460898,0.75,0.04082482904638634
ABIO-0087,VDNKFNKEMQRAWNEWLMLPNLNATYKDAFIWSLKDDPSQSANLLAEAKKLNDA,"{""8"": ""M"", ""9"": ""Q"", ""10"": ""R"", ""12"": ""W"", ""13"": ""N"", ""15"": ""W"", ""17"": ""M"", ""23"": ""A"", ""24"": ""T"", ""25"": ""Y"", ""26"": ""K"", ""27"": ""D"", ""31"": ""W""}",VDNKFNKEQQNAFYEILHLPNLNEEQRNAFIQSLKDDPSQSANLLAEAKKLNDA,-0.748148148148148,-1.0,0.8114814814814811,3.7486184031178422,True,54,1.8799999999999997,-1.0,0,2.4591479170272446,1.1620000000000004,0.8114814814814811,6.297840000000002,True,True,True,True,True,True,True,True,77.82259133570341,2.4271097804705275,81.24928199279603,3.7313006585916817,70.60214733456958,3.3439034295063945,13.0,2.160246899469287,4.266161843618087,0.4510971669779243,341.56222618288183,42.84869186335049,3.4333492551342886,0.7845049273880254,0.65,0.10801234497346433
ABIO-0094,VDNKFNKELDKAVEEWLVLPNLNQNFKNAFIWSLKDDPSQSANLLAEAKKLNDA,"{""8"": ""L"", ""9"": ""D"", ""10"": ""K"", ""12"": ""V"", ""13"": ""E"", ""15"": ""W"", ""17"": ""V"", ""23"": ""Q"", ""24"": ""N"", ""25"": ""F"", ""26"": ""K"", ""27"": ""N"", ""31"": ""W""}",VDNKFNKEQQNAFYEILHLPNLNEEQRNAFIQSLKDDPSQSANLLAEAKKLNDA,-0.6388888888888886,-2.0,0.8125925925925921,3.4764511606883324,True,54,1.8799999999999997,-2.0,0,2.4591479170272446,1.1620000000000004,0.8125925925925921,6.187640000000001,True,True,True,True,True,True,True,True,79.41139105438437,0.284139719602082,82.2885534022672,0.7850907893834749,77.64767960679046,2.0692414799944725,16.666666666666668,2.0548046676563256,4.092315169674525,0.6586001223318968,410.058560479502,38.885062512169974,4.579894578434879,0.9613137762277953,0.8333333333333334,0.10274023338281627
ABIO-0095,VDNKFNKETDRALNEWLLLPNLNVQNRRAFIWSLKDDPSQSANLLAEAKKLNDA,"{""8"": ""T"", ""9"": ""D"", ""10"": ""R"", ""12"": ""L"", ""13"": ""N"", ""15"": ""W"", ""17"": ""L"", ""23"": ""V"", ""24"": ""Q"", ""25"": ""N"", ""26"": ""R"", ""27"": ""R"", ""31"": ""W""}",VDNKFNKEQQNAFYEILHLPNLNEEQRNAFIQSLKDDPSQSANLLAEAKKLNDA,-0.7518518518518518,0.0,0.8070370370370367,3.615571882299177,True,54,1.8799999999999997,0.0,0,2.221251836004466,1.1620000000000004,0.8070370370370367,6.238740000000002,True,True,True,True,True,True,True,True,75.83730123010785,3.9970783922792656,79.76499786240292,5.4339064470929035,66.22137466571644,5.38315514010202,16.0,5.0990195135927845,4.447288604632649,0.19583802641936515,386.75327748497574,129.7234070994864,4.729745391696725,1.5721694147144512,0.75,0.18708286933869706
ABIO-0101,VDNKFNKEWNRASNEVLMLPNLNENKKDAFIYSLKDDPSQSANLLAEAKKLNDA,"{""8"": ""W"", ""9"": ""N"", ""10"": ""R"", ""12"": ""S"", ""13"": ""N"", ""15"": ""V"", ""17"": ""M"", ""23"": ""E"", ""24"": ""N"", ""25"": ""K"", ""26"": ""K"", ""27"": ""D"", ""31"": ""Y""}",VDNKFNKEQQNAFYEILHLPNLNEEQRNAFIQSLKDDPSQSANLLAEAKKLNDA,-0.9092592592592597,-1.0,0.8038888888888884,3.589115105856969,True,54,2.42,-1.0,0,2.355388542207534,1.0560000000000003,0.8038888888888884,6.165540000000001,True,True,True,True,True,True,True,True,76.15057285989913,2.6362050948225066,77.05482323931203,2.1541047944051552,72.37657423654228,4.591313253923715,16.333333333333332,3.299831645537222,4.1311619324693725,0.26337875352055246,412.25746644605715,80.8864154909141,5.156568887587562,0.6784179182355793,0.8166666666666668,0.16499158227686112
ABIO-0104,VDNKFNKELNHAVEEYLLLPNLNWYLKLAFINSLKDDPSQSANLLAEAKKLNDA,"{""8"": ""L"", ""9"": ""N"", ""10"": ""H"", ""12"": ""V"", ""13"": ""E"", ""15"": ""Y"", ""17"": ""L"", ""23"": ""W"", ""24"": ""Y"", ""25"": ""L"", ""26"": ""K"", ""27"": ""L"", ""31"": ""N""}",VDNKFNKEQQNAFYEILHLPNLNEEQRNAFIQSLKDDPSQSANLLAEAKKLNDA,-0.4462962962962962,-1.9,0.8177777777777775,3.4988099963148103,True,54,1.8799999999999997,-1.9,0,2.125814583693911,0.784,0.8177777777777775,6.186840000000002,True,True,True,True,True,True,True,True,78.37114454840876,1.8505511412752333,81.2403679282433,1.1762498773166994,76.31748056960446,2.7121539822065492,20.666666666666668,1.247219128924647,3.9857163953777675,0.3073070435045747,516.5588488454587,9.918642078268421,6.038656568956647,0.3229023378972395,0.9833333333333334,0.023570226039551608
ABIO-0105,VDNKFNKEYQRAFEEWLVLPNLNEHYRFAFIWSLKDDPSQSANLLAEAKKLNDA,"{""8"": ""Y"", ""9"": ""Q"", ""10"": ""R"", ""12"": ""F"", ""13"": ""E"", ""15"": ""W"", ""17"": ""V"", ""23"": ""E"", ""24"": ""H"", ""25"": ""Y"", ""26"": ""R"", ""27"": ""F"", ""31"": ""W""}",VDNKFNKEQQNAFYEILHLPNLNEEQRNAFIQSLKDDPSQSANLLAEAKKLNDA,-0.735185185185185,-1.9,0.8133333333333328,3.7799763370876507,True,54,2.1999999999999997,-1.9,0,2.4591479170272446,1.466,0.8133333333333328,6.42794,True,True,True,True,True,True,True,True,72.83011284160348,4.837604602938604,74.85814128362237,5.16146753488658,71.48927218220842,3.604957065218615,18.666666666666668,1.247219128924647,4.422902639181623,0.2698478643755026,471.5756098993756,31.71857367556581,5.124770324370783,1.2418539690472465,0.9333333333333332,0.062360956446232366
ABIO-0109,VDNKFNKELDSALAETLILPNLNDNNKNAFIWSLKDDPSQSANLLAEAKKLNDA,"{""8"": ""L"", ""9"": ""D"", ""10"": ""S"", ""12"": ""L"", ""13"": ""A"", ""15"": ""T"", ""17"": ""I"", ""23"": ""D"", ""24"": ""N"", ""25"": ""N"", ""26"": ""K"", ""27"": ""N"", ""31"": ""W""}",VDNKFNKEQQNAFYEILHLPNLNEEQRNAFIQSLKDDPSQSANLLAEAKKLNDA,-0.5981481481481481,-3.0,0.8049999999999995,3.412580613437873,True,54,1.9599999999999997,-3.0,0,2.221251836004466,1.1620000000000004,0.8049999999999995,5.9854400000000005,True,True,True,True,True,True,True,True,77.59395711095021,1.6975921422605027,81.44151751869892,2.0614727144624685,71.5422423411944,4.5033460910612675,15.0,3.265986323710904,4.926076361658988,0.0856334035066158,383.48476852126146,56.384156100783734,3.6731595193796713,0.8825255742148567,0.75,0.16329931618554516
ABIO-0111,VDNKFNKEWERALNEWLLLPNLNDQYKQAFIKSLKDDPSQSANLLAEAKKLNDA,"{""8"": ""W"", ""9"": ""E"", ""10"": ""R"", ""12"": ""L"", ""13"": ""N"", ""15"": ""W"", ""17"": ""L"", ""23"": ""D"", ""24"": ""Q"", ""25"": ""Y"", ""26"": ""K"", ""27"": ""Q"", ""31"": ""K""}",VDNKFNKEQQNAFYEILHLPNLNEEQRNAFIQSLKDDPSQSANLLAEAKKLNDA,-0.8833333333333335,-1.0,0.8166666666666663,3.561156309480544,True,54,1.78,-1.0,0,2.221251836004466,0.882,0.8166666666666663,6.28894,True,True,True,True,True,True,True,True,75.58881107717208,1.0349581064498823,77.41237757409228,1.3819939412796316,69.80805944857569,4.787304251945948,19.0,2.449489742783178,3.8303634421031965,0.14603462626268462,438.2786680698186,57.68935892063023,5.03603136753317,1.29494061531176,0.9166666666666666,0.08498365855987972
ABIO-0112,VDNKFNKEWNRAFNERLKLPNLNDMDVNAFIYSLKDDPSQSANLLAEAKKLNDA,"{""8"": ""W"", ""9"": ""N"", ""10"": ""R"", ""12"": ""F"", ""13"": ""N"", ""15"": ""R"", ""17"": ""K"", ""23"": ""D"", ""24"": ""M"", ""25"": ""D"", ""26"": ""V"", ""27"": ""N"", ""31"": ""Y""}",VDNKFNKEQQNAFYEILHLPNLNEEQRNAFIQSLKDDPSQSANLLAEAKKLNDA,-0.8537037037037039,-1.0,0.7990740740740736,3.625724594999483,True,54,1.9600000000000002,-1.0,0,2.4591479170272446,1.0560000000000003,0.7990740740740736,6.239640000000001,True,True,True,True,True,True,True,True,81.17860419620837,4.96596723734861,83.94949335548976,7.1807090021401985,72.01956944151107,0.9292552345647235,17.333333333333332,2.3570226039551585,3.409001892844096,0.2903605935015636,445.1807067606548,88.81686100257821,5.879699918950219,1.5084392527431432,0.8666666666666666,0.11785113019775792
ABIO-0115,VDNKFNKEFNHALEEWLLLPNLNDSKYFAFIYSLKDDPSQSANLLAEAKKLNDA,"{""8"": ""F"", ""9"": ""N"", ""10"": ""H"", ""12"": ""L"", ""13"": ""E"", ""15"": ""W"", ""17"": ""L"", ""23"": ""D"", ""24"": ""S"", ""25"": ""K"", ""26"": ""Y"", ""27"": ""F"", ""31"": ""Y""}",VDNKFNKEQQNAFYEILHLPNLNEEQRNAFIQSLKDDPSQSANLLAEAKKLNDA,-0.5759259259259257,-2.9,0.8107407407407402,3.554702317895419,True,54,2.12,-2.9,0,2.2841591278514217,1.3599999999999999,0.8107407407407402,6.243840000000002,True,True,True,True,True,True,True,True,78.05700479006317,1.2849071554532847,81.26852342500388,1.1788387395812876,70.13873362005586,3.4537929179456537,15.0,2.449489742783178,4.675625608488134,0.42514553823815937,354.12653898327926,62.983947367211336,4.53815752189051,1.4714254594503164,0.75,0.12247448713915893
ABIO-0117,VDNKFNKEIEKALNEYLLLPNLNMQLKQAFIHSLKDDPSQSANLLAEAKKLNDA,"{""8"": ""I"", ""9"": ""E"", ""10"": ""K"", ""12"": ""L"", ""13"": ""N"", ""15"": ""Y"", ""17"": ""L"", ""23"": ""M"", ""24"": ""Q"", ""25"": ""L"", ""26"": ""K"", ""27"": ""Q"", ""31"": ""H""}",VDNKFNKEQQNAFYEILHLPNLNEEQRNAFIQSLKDDPSQSANLLAEAKKLNDA,-0.5722222222222221,-0.8999999999999999,0.8233333333333329,3.5411504676017294,True,54,1.7,-0.8999999999999999,0,2.221251836004466,0.8099999999999999,0.8233333333333329,6.140040000000001,True,True,True,True,True,True,True,True,83.56821444737503,4.217353919952873,87.04439551244319,3.8502457803056984,81.12739953307282,6.4109038668679315,16.0,0.816496580927726,3.6490669845199015,0.7285525109657777,431.80557804961336,22.255443497284617,5.355208758203221,0.27376440523003537,0.8000000000000002,0.04082482904638629
ABIO-0123,VDNKFNKEIQKAVSEYLILPNLNHQFKNAFIMSLKDDPSQSANLLAEAKKLNDA,"{""8"": ""I"", ""9"": ""Q"", ""10"": ""K"", ""12"": ""V"", ""13"": ""S"", ""15"": ""Y"", ""17"": ""I"", ""23"": ""H"", ""24"": ""Q"", ""25"": ""F"", ""26"": ""K"", ""27"": ""N"", ""31"": ""M""}",VDNKFNKEQQNAFYEILHLPNLNEEQRNAFIQSLKDDPSQSANLLAEAKKLNDA,-0.5203703703703701,0.10000000000000009,0.8088888888888884,3.6533360507525336,True,54,2.44,0.10000000000000009,0,2.4591479170272446,0.994,0.8088888888888884,6.117940000000001,True,True,True,True,True,True,True,True,77.63326410942643,3.7855048272159686,81.03927644878047,1.9445257599726646,75.25724276923381,2.0700866470173915,14.0,0.816496580927726,4.387883645985711,0.5761995301613012,361.4091128680813,32.838083885604476,5.043690394023089,0.1769367666120789,0.7000000000000001,0.04082482904638629
ABIO-0126,VDNKFNKEFIKAFMEHLRLPNLNLSYHLAFIRSLKDDPSQSANLLAEAKKLNDA,"{""8"": ""F"", ""9"": ""I"", ""10"": ""K"", ""12"": ""F"", ""13"": ""M"", ""15"": ""H"", ""17"": ""R"", ""23"": ""L"", ""24"": ""S"", ""25"": ""Y"", ""26"": ""H"", ""27"": ""L"", ""31"": ""R""}",VDNKFNKEQQNAFYEILHLPNLNEEQRNAFIQSLKDDPSQSANLLAEAKKLNDA,-0.448148148148148,1.2000000000000002,0.814444444444444,3.6842664368278197,True,54,1.94,1.2000000000000002,0,2.4508257945180882,0.9420000000000002,0.814444444444444,6.230140000000001,True,True,True,True,True,True,True,True,76.8513761546647,3.518569831186073,80.41945329295443,3.9822432592244805,74.38628145154648,3.0856997295258894,14.666666666666666,0.4714045207910317,4.182794199006438,0.7208790132908108,354.5216282781025,23.306261181707285,4.911901465910158,0.23337401543394157,0.7333333333333334,0.023570226039551608
ABIO-0128,VDNKFNKEIQKALFEHLDLPNLNWQYKKAFIESLKDDPSQSANLLAEAKKLNDA,"{""8"": ""I"", ""9"": ""Q"", ""10"": ""K"", ""12"": ""L"", ""13"": ""F"", ""15"": ""H"", ""17"": ""D"", ""23"": ""W"", ""24"": ""Q"", ""25"": ""Y"", ""26"": ""K"", ""27"": ""K"", ""31"": ""E""}",VDNKFNKEQQNAFYEILHLPNLNEEQRNAFIQSLKDDPSQSANLLAEAKKLNDA,-0.785185185185185,-0.8999999999999999,0.8172222222222219,3.5901865208749304,True,54,1.54,-0.8999999999999999,0,2.4591479170272446,0.7380000000000001,0.8172222222222219,6.245040000000003,True,True,True,True,True,True,True,True,73.47677151760449,7.944861364654842,74.73165349639093,8.4769852250102,65.99045669051492,13.910631965514161,17.0,1.632993161855452,3.646087492848047,0.35891260255749197,421.1161003996221,48.50587048085372,5.341751271174509,0.8866710454535383,0.85,0.08164965809277258
ABIO-0129,VDNKFNKELQQAKIEYLLLPNLNSSWKMAFISSLKDDPSQSANLLAEAKKLNDA,"{""8"": ""L"", ""9"": ""Q"", ""10"": ""Q"", ""12"": ""K"", ""13"": ""I"", ""15"": ""Y"", ""17"": ""L"", ""23"": ""S"", ""24"": ""S"", ""25"": ""W"", ""26"": ""K"", ""27"": ""M"", ""31"": ""S""}",VDNKFNKEQQNAFYEILHLPNLNEEQRNAFIQSLKDDPSQSANLLAEAKKLNDA,-0.5148148148148147,0.0,0.8151851851851847,3.565629919113621,True,54,2.04,0.0,0,2.4591479170272446,0.7999999999999999,0.8151851851851847,6.093940000000003,True,True,True,True,True,True,True,True,78.86608129351262,1.8127306076031695,82.1737605159058,1.2263201379273403,74.83187382237223,2.4188151489062775,13.666666666666666,1.247219128924647,3.976088161618002,0.7334037845474914,358.68285253660264,6.160475620228463,3.556583274380962,0.6597637060961443,0.6833333333333332,0.062360956446232366
ABIO-0133,VDNKFNKEYNRARNEDLLLPNLNWSYRQAFISSLKDDPSQSANLLAEAKKLNDA,"{""8"": ""Y"", ""9"": ""N"", ""10"": ""R"", ""12"": ""R"", ""13"": ""N"", ""15"": ""D"", ""17"": ""L"", ""23"": ""W"", ""24"": ""S"", ""25"": ""Y"", ""26"": ""R"", ""27"": ""Q"", ""31"": ""S""}",VDNKFNKEQQNAFYEILHLPNLNEEQRNAFIQSLKDDPSQSANLLAEAKKLNDA,-0.9481481481481483,0.0,0.7985185185185181,3.609545438608574,True,54,1.9,0.0,0,2.4591479170272446,0.796,0.7985185185185181,6.239740000000001,True,True,True,True,True,True,True,True,75.93718721966395,4.563527956566966,79.59612694846955,5.475753736538855,68.86928809301101,2.7180574619380193,16.0,4.96655480858378,3.8627494316354416,0.416681935068449,409.46712200221674,122.08199367577646,4.224458936694398,1.132703550731539,0.75,0.17795130420052185
ABIO-0136,VDNKFNKEYEKATNEWLNLPNLNFMFQDAFIYSLKDDPSQSANLLAEAKKLNDA,"{""8"": ""Y"", ""9"": ""E"", ""10"": ""K"", ""12"": ""T"", ""13"": ""N"", ""15"": ""W"", ""17"": ""N"", ""23"": ""F"", ""24"": ""M"", ""25"": ""F"", ""26"": ""Q"", ""27"": ""D"", ""31"": ""Y""}",VDNKFNKEQQNAFYEILHLPNLNEEQRNAFIQSLKDDPSQSANLLAEAKKLNDA,-0.7499999999999999,-3.0,0.8048148148148144,3.661636345873518,True,54,1.8,-3.0,0,2.4591479170272446,1.0560000000000003,0.8048148148148144,6.267740000000002,True,True,True,True,True,True,True,True,79.84961728524053,3.8707622639214776,82.64849961847578,5.107810138380661,69.04752608310552,8.856351820220683,9.666666666666666,1.699673171197595,4.592782643633904,0.22634347962926224,244.95380868599736,53.3138551652362,2.852869155797618,0.6765676967903312,0.4833333333333334,0.08498365855987973
